,Mean,std
Accuracy,0.7640522875816994,0.08146109050133721
wGM,0.7115859144080001,0.08301951374757364
F1,0.7560144046537908,0.08100295776265028
F2,0.7585146846182931,0.0803085083044104
Precision,0.7712035241447006,0.09188450225710919
Recall,0.7640522875816994,0.08146109050133721
AUC,0.7214285714285714,0.07900759051561108
balanced_Accuracy,0.7302597402597403,0.08129247725231104
Overall_score,0.747138926834562,0.08102135004603811
