,Mean,std
Accuracy,0.6065359477124184,0.009150326797385634
wGM,0.0,0.0
F1,0.45802719555255056,0.011148674028998596
F2,0.5368909306790062,0.010447529322991223
Precision,0.3679695843479004,0.010974411551112829
Recall,0.6065359477124184,0.009150326797385634
AUC,0.7206493506493507,0.05468504093572589
balanced_Accuracy,0.5,0.0
Overall_score,0.4745761195817056,0.01243677394483846
