,Mean,std
Accuracy,0.7300653594771243,0.07448113196763766
wGM,0.5812197737805646,0.14361452923721824
F1,0.690519178715257,0.09766151135288306
F2,0.7060426468521376,0.08570937159983587
Precision,0.7679164871076635,0.10007316497616006
Recall,0.7300653594771243,0.07448113196763766
AUC,0.6944155844155844,0.037265260123555216
balanced_Accuracy,0.6675324675324675,0.0900141477982517
Overall_score,0.6959721071697403,0.08271111631426063
