,fpr,tpr,auc
0,[0.         0.42857143 0.42857143 1.        ],[0.         0.72727273 0.81818182 1.        ],0.6753246753246753
1,[0.         0.42857143 1.        ],[0.         0.45454545 1.        ],0.512987012987013
2,[0.         0.42857143 1.        ],[0.         0.72727273 1.        ],0.6493506493506493
3,[0.         0.42857143 1.        ],[0.         0.72727273 1.        ],0.6493506493506493
4,[0.         0.14285714 1.        ],[0. 1. 1.],0.9285714285714286
