,Mean,std
Accuracy,0.6294117647058823,0.02325548611066297
wGM,0.15118578920369088,0.1851640199545103
F1,0.504723082867099,0.050839530639233986
F2,0.5681199429570329,0.03259050864568408
Precision,0.5368191721132898,0.2000832444160211
Recall,0.6294117647058823,0.02325548611066297
AUC,0.6771428571428572,0.08500136417108962
balanced_Accuracy,0.5285714285714285,0.03499271061118824
Overall_score,0.5281732252833954,0.07797796098156333
