,Mean,std
Accuracy,0.6869281045751634,0.08716121870938379
wGM,0.6744519081424631,0.07844478721974847
F1,0.6865930630892267,0.0843207735315457
F2,0.6846080312710529,0.08668075763940945
Precision,0.7049715172264192,0.0805100676367134
Recall,0.6869281045751634,0.08716121870938379
AUC,0.6453246753246753,0.1291828567992204
balanced_Accuracy,0.6822077922077922,0.08065928374323693
Overall_score,0.6815016495514945,0.08601052746132506
