,Mean,std
Accuracy,0.6993464052287581,0.14204224964248421
wGM,0.6817094984817226,0.1356062048605495
F1,0.6991737984872997,0.14031596209286032
F2,0.6983335562533342,0.14200156031467145
Precision,0.7069899980194096,0.13376680110568714
Recall,0.6993464052287581,0.14204224964248421
AUC,0.6831168831168831,0.13530198977287278
balanced_Accuracy,0.6870129870129871,0.13530198977287278
Overall_score,0.694378691478644,0.1381116782652605
