,Mean,std
Accuracy,0.6771241830065359,0.14537746162313406
wGM,0.5449568067301571,0.3043558253243394
F1,0.6483786832244183,0.16774846530130477
F2,0.6627905756202207,0.15391422999186816
Precision,0.6381628375255826,0.18810309994240326
Recall,0.6771241830065359,0.14537746162313406
AUC,0.6883116883116884,0.13540167811925577
balanced_Accuracy,0.6480519480519481,0.15417942029150167
Overall_score,0.6481126131846358,0.16278808179129328
